{
    "client_id" : "ebqLqv8t5wNwTg",
    "client_secret" : "JgtJuLQwvegerPDR2APYhoY8cck",
    "user_agent" : "manga_notifications",
    "subreddit" : "manga",
    "titles" : [
        "kimetsu no yaiba",
        "my hero academia",
        "attack on titan",
        "dr stone",
        "one punch man",
        "shingeki no kyojin",
        "black clover",
        "solo leveling",
        "the promised neverland",
        "tower of god"
    ],
    "twilio_sid" : "AC5e487275d6fb0d3f4fab99768a8d5fc9",
    "twilio_auth_token" : "29adcc93b847129157e84e966962bcc3",
    "message" : "New manga chapter is out! - https://www.reddit.com/r/manga",
    "twilio_number" : "+12054650328",
    "receiver_number" : "+14086809911"
}